<?xml version="1.0" encoding="UTF-8"?>
<!--
    Copyright (c) 2015 Google Inc.

    Licensed under the Apache License, Version 2.0 (the "License");
    you may not use this file except in compliance with the License.
    You may obtain a copy of the License at

        http://www.apache.org/licenses/LICENSE-2.0

    Unless required by applicable law or agreed to in writing, software
    distributed under the License is distributed on an "AS IS" BASIS,
    WITHOUT WARRANTIES OR CONDITIONS OF ANY KIND, either express or implied.
    See the License for the specific language governing permissions and
    limitations under the License.
-->

<!--
    The wizard:uris recorded here have the inconvenience of being generated by hand, but they allow
    for the full spread of launch flags (we need FLAG_ACTIVITY_NEW_TASK [0x10000000]), where the
    <intent> tag processed by Intent.parseIntent() does not.

    adb shell am to-intent-uri -a com.android.setupwizard.WELCOME -f 0x10000000 \-\-ez firstRun true
-->
<WizardScript xmlns:wizard="http://schemas.android.com/apk/res/com.google.android.setupwizard"
    wizard:firstAction="user_name_check">

    <!-- Set user name [RECOMMENDED, CUSTOMIZABLE] -->
    <WizardAction id="user_name_check"
        wizard:uri="intent:#Intent;action=com.google.android.setupwizard.NAME_CHECK;end">
        <result wizard:name="skip"
            wizard:resultCode="1"
            wizard:action="start_downloads" />
        <result wizard:action="user_name" />
    </WizardAction>

    <WizardAction id="user_name"
        wizard:uri="intent:#Intent;action=com.google.android.setupwizard.USER_NAME;end">
        <result wizard:action="start_downloads" />
    </WizardAction>


    <!-- Start downloading VPA and user apks [RECOMMENDED] -->
    <WizardAction id="start_downloads"
        wizard:uri="intent:#Intent;action=com.google.android.setupwizard.START_DOWNLOADS;end">
        <result wizard:action="suggested_actions" />
    </WizardAction>


    <!-- Perform additional optional steps (while waiting for restoration to complete) [RECOMMENDED, CUSTOMIZABLE] -->
    <WizardAction id="suggested_actions"
        wizard:uri="intent:#Intent;action=com.google.android.setupwizard.SUGGESTED_ACTIONS;end">
        <result wizard:action="final_hold" />
    </WizardAction>


    <!-- Wait for high-priority apks to be completed [RECOMMENDED] -->
    <WizardAction id="final_hold"
        wizard:uri="intent:#Intent;action=com.google.android.setupwizard.FINAL_HOLD;end" />

</WizardScript>
