<?xml version="1.0" encoding="UTF-8"?>
<!--
    Copyright (c) 2016 Google Inc.

    Licensed under the Apache License, Version 2.0 (the "License");
    you may not use this file except in compliance with the License.
    You may obtain a copy of the License at

        http://www.apache.org/licenses/LICENSE-2.0

    Unless required by applicable law or agreed to in writing, software
    distributed under the License is distributed on an "AS IS" BASIS,
    WITHOUT WARRANTIES OR CONDITIONS OF ANY KIND, either express or implied.
    See the License for the specific language governing permissions and
    limitations under the License.
-->

<!--
    The wizard:uris recorded here have the inconvenience of being generated by hand, but they allow
    for the full spread of launch flags (we need FLAG_ACTIVITY_NEW_TASK [0x10000000]), where the
    <intent> tag processed by Intent.parseIntent() does not.

    adb shell am to-intent-uri -a com.android.setupwizard.WELCOME -f 0x10000000 \-\-ez firstRun true
-->
<WizardScript xmlns:wizard="http://schemas.android.com/apk/res/com.google.android.setupwizard"
    wizard:version="2">

    <!-- Network -->
    <WizardAction id="network_settings"
        wizard:uri="intent:#Intent;action=com.android.setupwizard.NETWORK_SETTINGS;end">
        <result wizard:name="use_mobile"
            wizard:resultCode="101"
            wizard:action="activate_mobile_data" />
        <result wizard:name="see_all_wifi"
            wizard:resultCode="102"
            wizard:action="wifi_settings" />
        <result wizard:name="skip"
            wizard:resultCode="1"
            wizard:action="date_time" />
        <result wizard:action="captive_portal" />
    </WizardAction>

    <WizardAction id="activate_mobile_data"
        wizard:uri="intent:#Intent;action=com.android.setupwizard.ACTIVATE_MOBILE_DATA;end">
        <result wizard:action="captive_portal" />
    </WizardAction>

    <!-- Wi-Fi setup -->
    <WizardAction id="wifi_settings"
        wizard:uri="intent:#Intent;action=com.android.setupwizard.WIFI_SETTINGS;end">
        <result wizard:name="use_mobile"
            wizard:resultCode="101"
            wizard:action="activate_mobile_data" />
        <result wizard:name="skip"
            wizard:resultCode="1"
            wizard:action="date_time" />
    </WizardAction>

    <!-- Resolve captive portal access, and wait for check-in -->
    <WizardAction id="captive_portal"
        wizard:uri="intent:#Intent;action=com.android.setupwizard.CAPTIVE_PORTAL;end" />

    <WizardAction id="check_frp_required"
        wizard:uri="intent:#Intent;action=com.google.android.setupwizard.CHECK_FRP;end">
        <result wizard:name="frp_required"
            wizard:resultCode="101"
            wizard:action="load_account_intent_frp" />
        <result wizard:action="date_time" />
    </WizardAction>

    <WizardAction id="load_account_intent_frp"
        wizard:uri="intent:#Intent;action=com.google.android.setupwizard.LOAD_ADD_ACCOUNT_INTENT;B.showTapAndGo=false;B.resolveFrpOnly=true;end" />

    <!-- Resolve the FRP challenge -->
    <WizardAction id="resolve_frp"
        wizard:uri="intent:#Intent;action=com.google.android.setupwizard.ACCOUNT_SETUP;B.finishWhenDone=true;end" />

    <WizardAction id="date_time"
        wizard:uri="intent:#Intent;action=com.android.setupwizard.DATE_TIME;end" />

    <!-- show warning to user about retail mode and then quit -->
    <WizardAction id="retail_mode_warning"
        wizard:uri="intent:#Intent;action=com.android.setupwizard.START_RETAIL_MODE;end" />

</WizardScript>
