<?xml version="1.0" encoding="UTF-8"?>
<!--
    Copyright (c) 2014 Google Inc.

    Licensed under the Apache License, Version 2.0 (the "License");
    you may not use this file except in compliance with the License.
    You may obtain a copy of the License at

        http://www.apache.org/licenses/LICENSE-2.0

    Unless required by applicable law or agreed to in writing, software
    distributed under the License is distributed on an "AS IS" BASIS,
    WITHOUT WARRANTIES OR CONDITIONS OF ANY KIND, either express or implied.
    See the License for the specific language governing permissions and
    limitations under the License.
-->

<!--
    Legend:
        REQUIRED     Must be included in final scripting solution
        RECOMMENDED  Associated with an optional feature; may have
                     dependencies on other recommended actions
        CUSTOMIZABLE Available for modification, within UX standards

    Each top-level comment tag applies to one or more script instructions, until the next top-level
    comment tag. A comment tag on a result code applies only to that result code.

    The wizard:uris recorded here have the inconvenience of being generated by hand, but they allow
    for the full spread of launch flags (we need FLAG_ACTIVITY_NEW_TASK [0x10000000]), where the
    <intent> tag processed by Intent.parseIntent() does not.

    adb shell am to-intent-uri -a com.android.setupwizard.WELCOME -f 0x10000000 \-\-ez firstRun true
-->
<WizardScript xmlns:wizard="http://schemas.android.com/apk/res/com.google.android.setupwizard"
    wizard:firstAction="oem_pre_setup">

    <!-- Preliminary setup for OEMs [CUSTOMIZABLE] -->
    <WizardAction id="oem_pre_setup"
        wizard:uri="intent:#Intent;action=com.android.setupwizard.OEM_PRE_SETUP;end">
        <result wizard:action="welcome" />
    </WizardAction>


    <!-- Welcome screen with language selection [RECOMMENDED, CUSTOMIZABLE] -->
    <WizardAction id="welcome"
        wizard:uri="intent:#Intent;action=com.android.setupwizard.WELCOME;end">
        <result wizard:name="start_qr_provision"
            wizard:resultCode="101"
            wizard:action="qr_provision_flow" />
        <result wizard:name="dpm_user_complete"
            wizard:resultCode="111"
            wizard:action="oem_post_setup" />
        <result wizard:name="demo_mode_flow"
            wizard:resultCode="102"
            wizard:action="demo_mode_start" />
        <result wizard:action="sim_missing" />
    </WizardAction>


    <!-- QR provision flow (for enterprise) [REQUIRED] -->
    <WizardAction id="qr_provision_flow"
        wizard:script="android.resource://com.google.android.setupwizard/xml/wizard_script_qr_provision_flow">
        <result wizard:action="oem_post_setup" />
    </WizardAction>


    <!-- Notify user if expected SIM is not found [RECOMMENDED, CUSTOMIZABLE] -->
    <WizardAction id="sim_missing"
        wizard:uri="intent:#Intent;action=com.android.setupwizard.SIM_MISSING;end">
        <result wizard:action="carrier_setup" />
    </WizardAction>


    <!-- Activate carrier services [RECOMMENDED] -->
    <WizardAction id="carrier_setup"
        wizard:uri="intent:#Intent;action=com.android.setupwizard.CARRIER_SETUP;end">
        <result wizard:action="background_activation" />
    </WizardAction>

    <WizardAction id="background_activation"
        wizard:uri="intent:#Intent;action=com.android.setupwizard.BACKGROUND_ACTIVATION;end">
        <result wizard:action="sim_setup" />
    </WizardAction>


    <!-- On multi-SIM devices, choose which SIM to use for voice, data, and text [RECOMMENDED, CUSTOMIZABLE] -->
    <WizardAction id="sim_setup"
        wizard:uri="intent:#Intent;action=com.android.setupwizard.SIM_SETUP;end">
        <result wizard:action="device_owner_warning" />
    </WizardAction>


    <!-- Security warning (for enterprise) [RECOMMENDED] -->
    <WizardAction id="device_owner_warning"
        wizard:uri="intent:#Intent;action=com.google.android.setupwizard.DEVICE_OWNER_WARNING;end">
        <result wizard:name="skip"
            wizard:resultCode="1"
            wizard:action="check_frp" />
        <result wizard:action="factory_reset" />
    </WizardAction>

    <WizardAction id="factory_reset"
        wizard:uri="intent:#Intent;action=com.google.android.setupwizard.FACTORY_RESET;end">
        <!-- Factory reset should cause a reboot, but if it returns unexpectedly,
            continue on to check_frp -->
        <result wizard:action="check_frp" />
    </WizardAction>


    <!-- Wait to check factory reset protection status [RECOMMENDED] -->
    <WizardAction id="check_frp"
        wizard:uri="intent:#Intent;action=com.google.android.setupwizard.CHECK_FRP;end">
        <result wizard:action="flow_choice" />
    </WizardAction>


    <!-- Choose between restoring or set up as new device [RECOMMENDED, CUSTOMIZABLE] -->
    <WizardAction id="flow_choice"
        wizard:uri="intent:#Intent;action=com.android.setupwizard.FLOW_CHOICE;end">
        <result wizard:name="skip"
            wizard:resultCode="1"
            wizard:action="setup_as_new_flow" />
        <result wizard:action="restore_flow" />
    </WizardAction>


    <!-- Restore from an existing account or device [RECOMMENDED, CUSTOMIZABLE] -->
    <WizardAction id="restore_flow"
        wizard:script="android.resource://com.google.android.setupwizard/xml/wizard_script_restore_flow">
        <result wizard:action="oem_post_setup"/>
    </WizardAction>


    <!-- Set up as a new device [REQUIRED, CUSTOMIZABLE] -->
    <WizardAction id="setup_as_new_flow"
        wizard:script="android.resource://com.google.android.setupwizard/xml/wizard_script_setup_as_new_flow">
        <result wizard:action="oem_post_setup" />
    </WizardAction>


    <!-- Set up as a retail demo device [RECOMMENDED] -->
    <WizardAction id="demo_mode_start"
        wizard:script="android.resource://com.google.android.setupwizard/xml/wizard_script_demo_mode_flow">
        <!-- Skip oem_post_setup if entering demo mode -->
        <result wizard:action="exit" />
    </WizardAction>


    <!-- OEM completion [CUSTOMIZABLE] -->
    <WizardAction id="oem_post_setup"
        wizard:uri="intent:#Intent;action=com.android.setupwizard.OEM_POST_SETUP;end">
        <result wizard:action="exit" />
    </WizardAction>


    <!-- Leave Setup Wizard [REQUIRED] -->
    <WizardAction id="exit"
        wizard:uri="intent:#Intent;action=com.android.setupwizard.EXIT;end" />

</WizardScript>
