<?xml version="1.0" encoding="UTF-8"?>
<!--
    Copyright (c) 2016 Google Inc.

    Licensed under the Apache License, Version 2.0 (the "License");
    you may not use this file except in compliance with the License.
    You may obtain a copy of the License at

        http://www.apache.org/licenses/LICENSE-2.0

    Unless required by applicable law or agreed to in writing, software
    distributed under the License is distributed on an "AS IS" BASIS,
    WITHOUT WARRANTIES OR CONDITIONS OF ANY KIND, either express or implied.
    See the License for the specific language governing permissions and
    limitations under the License.
-->

<!--
    This flow is very similar to wizard_script_account_flow, but removes all the restoration from
    account components and inserts a screen with instructions on how to migrate from iOs

    The wizard:uris recorded here have the inconvenience of being generated by hand, but they allow
    for the full spread of launch flags (we need FLAG_ACTIVITY_NEW_TASK [0x10000000]), where the
    <intent> tag processed by Intent.parseIntent() does not.

     adb shell am to-intent-uri -a com.android.setupwizard.WELCOME -f 0x10000000 \-\-ez firstRun true
-->
<WizardScript xmlns:wizard="http://schemas.android.com/apk/res/com.google.android.setupwizard"
    wizard:firstAction="date_time_check">

    <!-- Set date, time, and time zone from automated services (or manually, if needed) [RECOMMENDED, CUSTOMIZEABLE] -->
    <WizardAction id="date_time_check"
        wizard:uri="intent:#Intent;action=com.google.android.setupwizard.DATE_TIME_CHECK;end">
        <result wizard:name="skip"
            wizard:resultCode="1"
            wizard:action="user_name_check" />
        <result wizard:action="date_time" />
    </WizardAction>

    <WizardAction id="date_time"
        wizard:uri="intent:#Intent;action=com.android.setupwizard.DATE_TIME;end">
        <result wizard:action="user_name_check" />
    </WizardAction>


    <!-- Set user name [RECOMMENDED, CUSTOMIZABLE] -->
    <WizardAction id="user_name_check"
        wizard:uri="intent:#Intent;action=com.google.android.setupwizard.NAME_CHECK;end">
        <result wizard:name="skip"
            wizard:resultCode="1"
            wizard:action="lock_screen" />
        <result wizard:action="user_name" />
    </WizardAction>

    <WizardAction id="user_name"
        wizard:uri="intent:#Intent;action=com.google.android.setupwizard.USER_NAME;end">
        <result wizard:action="lock_screen" />
    </WizardAction>


    <!-- Set screen lock options [RECOMMENDED, CUSTOMIZABLE] -->
    <WizardAction id="lock_screen"
        wizard:uri="intent:#Intent;action=com.google.android.setupwizard.LOCK_SCREEN;end">
        <result wizard:action="drive_backup_optin" />
    </WizardAction>


    <!-- Offer Drive backup service [RECOMMENDED] -->
    <WizardAction id="drive_backup_optin"
        wizard:uri="intent:#Intent;action=com.google.android.setupwizard.DRIVE_BACKUP_OPT_IN;end">
        <result wizard:action="google_services"/>
    </WizardAction>


    <!-- Show service opt-ins, as well as terms of service [REQUIRED] -->
    <WizardAction id="google_services"
        wizard:uri="intent:#Intent;action=com.google.android.setupwizard.GOOGLE_SERVICES;end">
        <result wizard:action="opa" />
    </WizardAction>


    <!-- Set up Google Assistant (OPA). This step should come right after Google Services.
         Feature enabled via Gservices flag  [RECOMMENDED] -->
    <WizardAction id="opa"
        wizard:uri="intent:#Intent;action=com.google.android.setupwizard.OPA_OPT_IN;end">
        <result wizard:action="suggested_actions" />
    </WizardAction>


    <!-- Perform additional optional steps (while waiting for restoration to complete) [RECOMMENDED, CUSTOMIZABLE] -->
    <WizardAction id="suggested_actions"
        wizard:uri="intent:#Intent;action=com.google.android.setupwizard.SUGGESTED_ACTIONS;end">
        <result wizard:action="start_downloads" />
    </WizardAction>


    <!-- Start downloading VPA and user apks. Note that package updates can close activities on the
        backstack, disrupting the UX, so until countermeasures have been fully established,
        downloads should begin only after suggested actions have been completed [RECOMMENDED] -->
    <WizardAction id="start_downloads"
        wizard:uri="intent:#Intent;action=com.google.android.setupwizard.START_DOWNLOADS;end">
        <result wizard:action="final_hold" />
    </WizardAction>


    <!-- Wait for high-priority apks to be completed [RECOMMENDED] -->
    <WizardAction id="final_hold"
        wizard:uri="intent:#Intent;action=com.google.android.setupwizard.FINAL_HOLD;end" />

</WizardScript>
