<?xml version="1.0" encoding="UTF-8"?>
<!--
    Copyright (c) 2015 Google Inc.

    Licensed under the Apache License, Version 2.0 (the "License");
    you may not use this file except in compliance with the License.
    You may obtain a copy of the License at

        http://www.apache.org/licenses/LICENSE-2.0

    Unless required by applicable law or agreed to in writing, software
    distributed under the License is distributed on an "AS IS" BASIS,
    WITHOUT WARRANTIES OR CONDITIONS OF ANY KIND, either express or implied.
    See the License for the specific language governing permissions and
    limitations under the License.
-->

<!--
    The wizard:uris recorded here have the inconvenience of being generated by hand, but they allow
    for the full spread of launch flags (we need FLAG_ACTIVITY_NEW_TASK [0x10000000]), where the
    <intent> tag processed by Intent.parseIntent() does not.

    adb shell am to-intent-uri -a com.android.setupwizard.WELCOME -f 0x10000000 \-\-ez firstRun true
-->
<WizardScript xmlns:wizard="http://schemas.android.com/apk/res/com.google.android.setupwizard"
    wizard:firstAction="date_time_check">

    <!-- Set user name, restore account, and other options -->
    <WizardAction id="date_time_check"
        wizard:uri="intent:#Intent;action=com.google.android.setupwizard.DATE_TIME_CHECK;end">
        <result wizard:name="skip"
            wizard:resultCode="1"
            wizard:action="user_name_check" />
        <result wizard:action="date_time" />
    </WizardAction>

    <WizardAction id="date_time"
        wizard:uri="intent:#Intent;action=com.android.setupwizard.DATE_TIME;end">
        <result wizard:action="user_name_check" />
    </WizardAction>

    <WizardAction id="user_name_check"
        wizard:uri="intent:#Intent;action=com.google.android.setupwizard.NAME_CHECK;end">
        <result wizard:name="skip"
            wizard:resultCode="1"
            wizard:action="lock_screen" />
        <result wizard:action="user_name" />
    </WizardAction>

    <WizardAction id="user_name"
        wizard:uri="intent:#Intent;action=com.google.android.setupwizard.USER_NAME;end">
        <result wizard:action="lock_screen" />
    </WizardAction>

    <WizardAction id="lock_screen"
        wizard:uri="intent:#Intent;action=com.google.android.setupwizard.LOCK_SCREEN;end">
        <result wizard:action="restore_check" />
    </WizardAction>

    <!-- Check to see if we already know which device is being restored onto this one -->
    <WizardAction id="restore_check"
        wizard:uri="intent:#Intent;action=com.google.android.setupwizard.CHECK_RESTORE_TOKEN;end">
        <result wizard:name="token_not_found"
            wizard:resultCode="101"
            wizard:action="restore_get_intent" />
        <result wizard:action="restore_start" />
    </WizardAction>

    <!-- Select a device to serve as the source for restored apps -->
    <WizardAction id="restore_get_intent"
        wizard:uri="intent:#Intent;action=com.google.android.setupwizard.GET_RESTORE_INTENT;end">
        <result wizard:name="skip"
            wizard:resultCode="1"
            wizard:action="suggested_actions" />
        <result wizard:action="restore_picker" />
    </WizardAction>

    <WizardAction id="restore_picker"
        wizard:uri="intent:#Intent;action=com.google.android.setupwizard.RESTORE;end">
        <result wizard:name="skip"
            wizard:resultCode="1"
            wizard:action="suggested_actions" />
        <result wizard:action="restore_start" />
    </WizardAction>

    <WizardAction id="restore_start"
        wizard:uri="intent:#Intent;action=com.google.android.setupwizard.START_RESTORE;end">
        <result wizard:action="suggested_actions" />
    </WizardAction>

    <WizardAction id="suggested_actions"
        wizard:uri="intent:#Intent;action=com.google.android.setupwizard.SUGGESTED_ACTIONS;end">
        <result wizard:action="restore_progress" />
    </WizardAction>

    <!-- Wait for data restoration to finish -->
    <WizardAction id="restore_progress"
        wizard:uri="intent:#Intent;action=com.google.android.setupwizard.RESTORE_PROGRESS;end">
        <result wizard:name="retry"
            wizard:resultCode="2"
            wizard:action="restore_reset" />
        <result wizard:action="start_downloads" />
    </WizardAction>

    <!-- If data restoration failed and user chose to retry, pick a new source device -->
    <WizardAction id="restore_reset"
        wizard:uri="intent:#Intent;action=com.google.android.setupwizard.REMOVE_RESTORE_TOKEN;end">
        <result wizard:action="restore_retry_get_intent" />
    </WizardAction>

    <WizardAction id="restore_retry_get_intent"
        wizard:uri="intent:#Intent;action=com.google.android.setupwizard.GET_RESTORE_INTENT;end">
        <result wizard:action="restore_retry" />
    </WizardAction>

    <WizardAction id="restore_retry"
        wizard:uri="intent:#Intent;action=com.google.android.setupwizard.RESTORE;end">
        <result wizard:name="skip"
            wizard:resultCode="1"
            wizard:action="start_downloads" />
        <result wizard:action="restore_retry_start" />
    </WizardAction>

    <WizardAction id="restore_retry_start"
        wizard:uri="intent:#Intent;action=com.google.android.setupwizard.START_RESTORE;end">
        <result wizard:action="restore_progress" />
    </WizardAction>

    <WizardAction id="start_downloads"
        wizard:uri="intent:#Intent;action=com.google.android.setupwizard.START_DOWNLOADS;end">
        <result wizard:action="final_hold" />
    </WizardAction>

    <WizardAction id="final_hold"
        wizard:uri="intent:#Intent;action=com.google.android.setupwizard.FINAL_HOLD;end" />

</WizardScript>
