<?xml version="1.0" encoding="UTF-8"?>
<!-- Copyright (C) 2016 Google Inc. All Rights Reserved. -->

<!--
    The wizard:uris recorded here have the inconvenience of being generated by hand, but they allow
    for the full spread of launch flags (we need FLAG_ACTIVITY_NEW_TASK [0x10000000]), where the
    <intent> tag processed by Intent.parseIntent() does not.

    adb shell am to-intent-uri -a com.android.setupwizard.WELCOME -f 0x10000000 \-\-ez firstRun true
-->
<WizardScript xmlns:wizard="http://schemas.android.com/apk/res/com.google.android.setupwizard"
    wizard:firstAction="user_consent">

    <WizardAction id="user_consent"
        wizard:uri="intent:#Intent;action=com.google.android.setupwizard.QR_PROVISION_USER_CONSENT;end">
        <result wizard:action="check_frp" />
        <result wizard:name="start_qr_code_scan"
            wizard:resultCode="101"
            wizard:action="qr_code_scan" />
    </WizardAction>

    <WizardAction id="check_frp"
        wizard:uri="intent:#Intent;action=com.google.android.setupwizard.CHECK_FRP;end">
        <result wizard:action="network_settings" />
    </WizardAction>

    <!-- Network -->
    <WizardAction id="network_settings"
        wizard:uri="intent:#Intent;action=com.android.setupwizard.NETWORK_SETTINGS;end">
        <result wizard:name="see_all_wifi"
            wizard:resultCode="101"
            wizard:action="wifi_settings" />
        <result wizard:name="use_cellular"
            wizard:resultCode="102"
            wizard:action="activate_mobile_data" />
        <result wizard:action="captive_portal" />
    </WizardAction>

    <!-- Activate mobile network -->
    <WizardAction id="activate_mobile_data"
        wizard:uri="intent:#Intent;action=com.android.setupwizard.ACTIVATE_MOBILE_DATA;end">
        <result wizard:action="captive_portal" />
    </WizardAction>

    <!-- Wi-Fi setup -->
    <WizardAction id="wifi_settings"
        wizard:uri="intent:#Intent;action=com.android.setupwizard.WIFI_SETTINGS;end">
        <result wizard:action="captive_portal" />
    </WizardAction>

    <!-- Resolve captive portal access, and wait for check-in -->
    <WizardAction id="captive_portal"
        wizard:uri="intent:#Intent;action=com.android.setupwizard.CAPTIVE_PORTAL;end">
        <result wizard:action="gms_checkin" />
    </WizardAction>
    <WizardAction id="gms_checkin"
        wizard:uri="intent:#Intent;action=com.google.android.setupwizard.GMS_CHECKIN;end">
        <result wizard:action="qr_dependencies_check" />
    </WizardAction>

    <!-- Resolve vision library dependencies -->
    <WizardAction id="qr_dependencies_check"
        wizard:uri="intent:#Intent;action=com.google.android.setupwizard.QR_DEPENDENCIES_CHECK;end">
        <result wizard:action="qr_code_scan" />
    </WizardAction>

    <!-- Scan QR code for device owner provisioning -->
    <WizardAction id="qr_code_scan"
        wizard:uri="intent:#Intent;action=com.android.setupwizard.QR_CODE_SCAN;end">
    </WizardAction>
</WizardScript>
