<?xml version="1.0" encoding="UTF-8"?>
<!-- Copyright (C) 2015 Google Inc. All Rights Reserved. -->

<!--
    The wizard:uris recorded here have the inconvenience of being generated by hand, but they allow
    for the full spread of launch flags (we need FLAG_ACTIVITY_NEW_TASK [0x10000000]), where the
    <intent> tag processed by Intent.parseIntent() does not.

    adb shell am to-intent-uri -a com.android.setupwizard.WELCOME -f 0x10000000 \-\-ez firstRun true
-->
<WizardScript xmlns:wizard="http://schemas.android.com/apk/res/com.google.android.setupwizard"
    wizard:firstAction="no_account_google_services">

    <WizardAction id="no_account_google_services"
        wizard:uri="intent:#Intent;action=com.google.android.setupwizard.GOOGLE_SERVICES;end">
        <result wizard:action="no_account_date_time_check" />
    </WizardAction>

    <WizardAction id="no_account_date_time_check"
        wizard:uri="intent:#Intent;action=com.google.android.setupwizard.DATE_TIME_CHECK;end">
        <result wizard:name="skip"
            wizard:resultCode="1"
            wizard:action="no_account_user_name_check" />
        <result wizard:action="no_account_date_time" />
    </WizardAction>

    <WizardAction id="no_account_date_time"
        wizard:uri="intent:#Intent;action=com.android.setupwizard.DATE_TIME;end">
        <result wizard:action="no_account_user_name_check" />
    </WizardAction>

    <WizardAction id="no_account_user_name_check"
        wizard:uri="intent:#Intent;action=com.google.android.setupwizard.NAME_CHECK;end">
        <result wizard:name="skip"
            wizard:resultCode="1"
            wizard:action="no_account_lock_screen" />
        <result wizard:action="no_account_user_name" />
    </WizardAction>

    <WizardAction id="no_account_user_name"
        wizard:uri="intent:#Intent;action=com.google.android.setupwizard.USER_NAME;end">
        <result wizard:action="no_account_lock_screen" />
    </WizardAction>

    <WizardAction id="no_account_lock_screen"
        wizard:uri="intent:#Intent;action=com.google.android.setupwizard.LOCK_SCREEN;end">
        <result wizard:action="no_account_suggested_actions" />
    </WizardAction>

    <WizardAction id="no_account_suggested_actions"
        wizard:uri="intent:#Intent;action=com.google.android.setupwizard.SUGGESTED_ACTIONS;end" />

</WizardScript>
