<?xml version="1.0" encoding="UTF-8"?>
<!-- Copyright (C) 2016 Google Inc. All Rights Reserved. -->

<!--
    The wizard:uris recorded here have the inconvenience of being generated by hand, but they allow
    for the full spread of launch flags (we need FLAG_ACTIVITY_NEW_TASK [0x10000000]), where the
    <intent> tag processed by Intent.parseIntent() does not.

    adb shell am to-intent-uri -a com.android.setupwizard.WELCOME -f 0x10000000 \-\-ez firstRun true
-->
<WizardScript xmlns:wizard="http://schemas.android.com/apk/res/com.google.android.setupwizard"
    wizard:firstAction="date_time_check">

    <!-- Set user name, restore account, and other options -->
    <WizardAction id="date_time_check"
        wizard:uri="intent:#Intent;action=com.google.android.setupwizard.DATE_TIME_CHECK;end">
        <result wizard:name="skip"
            wizard:resultCode="1"
            wizard:action="user_name_check" />
        <result wizard:action="date_time" />
    </WizardAction>

    <WizardAction id="date_time"
        wizard:uri="intent:#Intent;action=com.android.setupwizard.DATE_TIME;end">
        <result wizard:action="user_name_check" />
    </WizardAction>

    <WizardAction id="user_name_check"
        wizard:uri="intent:#Intent;action=com.google.android.setupwizard.NAME_CHECK;end">
        <result wizard:name="skip"
            wizard:resultCode="1"
            wizard:action="lock_screen" />
        <result wizard:action="user_name" />
    </WizardAction>

    <WizardAction id="user_name"
        wizard:uri="intent:#Intent;action=com.google.android.setupwizard.USER_NAME;end">
        <result wizard:action="lock_screen" />
    </WizardAction>

    <WizardAction id="lock_screen"
        wizard:uri="intent:#Intent;action=com.google.android.setupwizard.LOCK_SCREEN;end">
        <result wizard:action="start_downloads" />
    </WizardAction>

    <WizardAction id="start_downloads"
        wizard:uri="intent:#Intent;action=com.google.android.setupwizard.START_DOWNLOADS;end">
        <result wizard:action="opa" />
    </WizardAction>

    <!-- Set up Google Assistant (OPA). This step should come right after Google Services.
        Requires activation via Gservices flag [RECOMMENDED] -->
    <WizardAction id="opa"
        wizard:uri="intent:#Intent;action=com.google.android.setupwizard.OPA_OPT_IN;end">
        <result wizard:action="suggested_actions" />
    </WizardAction>

    <WizardAction id="suggested_actions"
        wizard:uri="intent:#Intent;action=com.google.android.setupwizard.SUGGESTED_ACTIONS;end">
        <result wizard:action="final_hold" />
    </WizardAction>

    <WizardAction id="final_hold"
        wizard:uri="intent:#Intent;action=com.google.android.setupwizard.FINAL_HOLD;end" />

</WizardScript>
