<?xml version="1.0" encoding="UTF-8"?>
<!--
    Copyright (c) 2016 Google Inc.

    Licensed under the Apache License, Version 2.0 (the "License");
    you may not use this file except in compliance with the License.
    You may obtain a copy of the License at

        http://www.apache.org/licenses/LICENSE-2.0

    Unless required by applicable law or agreed to in writing, software
    distributed under the License is distributed on an "AS IS" BASIS,
    WITHOUT WARRANTIES OR CONDITIONS OF ANY KIND, either express or implied.
    See the License for the specific language governing permissions and
    limitations under the License.
-->

<!--
    This flow is very similar to wizard_script_account_flow, but removes all the restoration from
    account components and inserts a screen with instructions on how to migrate from iOs

    The wizard:uris recorded here have the inconvenience of being generated by hand, but they allow
    for the full spread of launch flags (we need FLAG_ACTIVITY_NEW_TASK [0x10000000]), where the
    <intent> tag processed by Intent.parseIntent() does not.

    adb shell am to-intent-uri -a com.android.setupwizard.WELCOME -f 0x10000000 \-\-ez firstRun true
-->

<WizardScript xmlns:wizard="http://schemas.android.com/apk/res/com.google.android.setupwizard"
    wizard:version="2">

    <!-- eSIM setup flow [RECOMMENDED] -->
    <WizardAction id="esim_setup"
        wizard:uri="intent:#Intent;action=com.android.setupwizard.ESIM_SETUP;end" />


    <!-- Check if user has added an account and, if so, start VPA [REQUIRED] -->
    <WizardAction id="mfm_check"
        wizard:uri="intent:#Intent;action=com.google.android.setupwizard.ACCOUNT_CHECK;end">
        <result wizard:name="skip"
            wizard:resultCode="1"
            wizard:action="date_time_check" />
    </WizardAction>


    <!-- Verify date, time, and time zone, or set manually, if needed [RECOMMENDED, CUSTOMIZEABLE] -->
    <WizardAction id="date_time_check"
        wizard:uri="intent:#Intent;action=com.google.android.setupwizard.DATE_TIME_CHECK;end">
        <result wizard:name="skip"
            wizard:resultCode="1"
            wizard:action="user_name_check" />
    </WizardAction>

    <WizardAction id="date_time"
        wizard:uri="intent:#Intent;action=com.android.setupwizard.DATE_TIME;end" />


    <!-- Set user name [RECOMMENDED, CUSTOMIZABLE] -->
    <WizardAction id="user_name_check"
        wizard:uri="intent:#Intent;action=com.google.android.setupwizard.NAME_CHECK;end">
        <result wizard:name="skip"
            wizard:resultCode="1"
            wizard:action="fingerprint" />
    </WizardAction>

    <WizardAction id="user_name"
        wizard:uri="intent:#Intent;action=com.google.android.setupwizard.USER_NAME;end" />


    <!-- Set up fingerprint [RECOMMENDED, CUSTOMIZABLE] -->
    <WizardAction id="fingerprint"
        wizard:uri="intent:#Intent;action=com.google.android.setupwizard.FINGERPRINT;end" />

    <!-- Set screen lock options [RECOMMENDED, CUSTOMIZABLE] -->
    <WizardAction id="lock_screen"
        wizard:uri="intent:#Intent;action=com.google.android.setupwizard.LOCK_SCREEN;end" />


    <!-- Set up Google Assistant (OPA). This step should come right after Google Services.
        Requires activation via Gservices flag [RECOMMENDED] -->
    <WizardAction id="opa"
        wizard:uri="intent:#Intent;action=com.google.android.setupwizard.OPA_OPT_IN;end" />


    <!-- Show service opt-ins, as well as terms of service [REQUIRED] -->
    <WizardAction id="account_google_services"
        wizard:uri="intent:#Intent;action=com.google.android.setupwizard.GOOGLE_SERVICES;end" />


    <!-- Perform additional optional steps (while waiting for restoration to complete) [RECOMMENDED, CUSTOMIZABLE] -->
    <WizardAction id="suggested_actions"
        wizard:uri="intent:#Intent;action=com.google.android.setupwizard.SUGGESTED_ACTIONS;end" />


    <!-- Wait for high-priority apks to be completed [RECOMMENDED] -->
    <WizardAction id="usb_migration_final_hold"
        wizard:uri="intent:#Intent;action=com.google.android.setupwizard.USB_MIGRATION_FINAL_HOLD;end" />

    <WizardAction id="final_hold"
        wizard:uri="intent:#Intent;action=com.google.android.setupwizard.FINAL_HOLD;end" />


    <!-- Wait for launcher layout to load [RECOMMENDED] -->
    <WizardAction id="load_launcher_layout"
        wizard:uri="intent:#Intent;action=com.google.android.setupwizard.LOAD_LAUNCHER_LAYOUT;end" />

</WizardScript>
