<?xml version="1.0" encoding="UTF-8"?>
<!--
    Copyright (c) 2016 Google Inc.

    Licensed under the Apache License, Version 2.0 (the "License");
    you may not use this file except in compliance with the License.
    You may obtain a copy of the License at

        http://www.apache.org/licenses/LICENSE-2.0

    Unless required by applicable law or agreed to in writing, software
    distributed under the License is distributed on an "AS IS" BASIS,
    WITHOUT WARRANTIES OR CONDITIONS OF ANY KIND, either express or implied.
    See the License for the specific language governing permissions and
    limitations under the License.
-->

<!--
    The wizard:uris recorded here have the inconvenience of being generated by hand, but they allow
    for the full spread of launch flags (we need FLAG_ACTIVITY_NEW_TASK [0x10000000]), where the
    <intent> tag processed by Intent.parseIntent() does not.

    adb shell am to-intent-uri -a com.android.setupwizard.WELCOME -f 0x10000000 \-\-ez firstRun true
-->
<WizardScript xmlns:wizard="http://schemas.android.com/apk/res/com.google.android.setupwizard"
    wizard:version="2">

    <!-- Set up after upgrading [PIXEL] -->
    <!-- Preliminary setup for OEMs -->
    <WizardAction id="oem_pre_setup"
        wizard:uri="intent:#Intent;action=com.android.setupwizard.OEM_PRE_SETUP;end" />

    <!-- Welcome screen with language selection -->
    <WizardAction id="welcome"
        wizard:uri="intent:#Intent;action=com.android.setupwizard.WELCOME;end" />

    <!-- Zero touch provisioning -->
    <WizardAction id="zero_touch"
        wizard:script="android.resource://com.google.android.gmsintegration/raw/wizard_script_zero_touch_flow" >
        <result wizard:name="dpm_user_complete"
            wizard:resultCode="111"
            wizard:action="END_OF_SCRIPT" />
    </WizardAction>

    <WizardAction id="load_account_intent"
        wizard:uri="intent:#Intent;action=com.google.android.setupwizard.LOAD_ADD_ACCOUNT_INTENT;B.showTapAndGo=false;end" />

    <!-- Add an account -->
    <WizardAction id="account_setup"
        wizard:uri="intent:#Intent;action=com.google.android.setupwizard.ACCOUNT_SETUP;end">
        <result wizard:name="skip"
            wizard:resultCode="1"
            wizard:action="oem_post_setup" />
        <!-- Alternate flow if managed provisioning already set the user up -->
        <result wizard:name="dpm_user_complete"
            wizard:resultCode="111"
            wizard:action="END_OF_SCRIPT" />
    </WizardAction>

    <WizardAction id="gms_account_checkin"
        wizard:uri="intent:#Intent;action=com.google.android.setupwizard.GMS_ACCOUNT_CHECKIN;end" />

    <!-- Used to log how an account was added (MFM or regular add account) -->
    <WizardAction id="mfm_check"
        wizard:uri="intent:#Intent;action=com.google.android.setupwizard.ACCOUNT_CHECK;end">
        <result wizard:name="skip"
            wizard:resultCode="1"
            wizard:action="oem_post_setup" />
    </WizardAction>

    <WizardAction id="user_name_check"
        wizard:uri="intent:#Intent;action=com.google.android.setupwizard.NAME_CHECK;end" />

    <WizardAction id="user_name"
        wizard:uri="intent:#Intent;action=com.google.android.setupwizard.USER_NAME;end" />

    <!-- Set up Google Assistant (OPA). This step should come right after Google Services. -->
    <WizardAction id="opa"
        wizard:uri="intent:#Intent;action=com.google.android.setupwizard.OPA_OPT_IN;end" />

    <WizardAction id="account_google_services"
        wizard:uri="intent:#Intent;action=com.google.android.setupwizard.GOOGLE_SERVICES;end" />

    <WizardAction id="suggested_actions"
        wizard:uri="intent:#Intent;action=com.google.android.setupwizard.SUGGESTED_ACTIONS;end" />

    <!-- OEM completion -->
    <WizardAction id="oem_post_setup"
        wizard:uri="intent:#Intent;action=com.android.setupwizard.OEM_POST_SETUP;end" />

    <!-- Google kid account setup. Must be the last setup action. [REQUIRED] -->
    <WizardAction id="kid_post_setup"
        wizard:uri="intent:#Intent;action=com.google.android.setupwizard.KID_POST_SETUP;end" />

    <WizardAction id="exit"
        wizard:uri="intent:#Intent;action=com.android.setupwizard.EXIT;end" />


    <!-- Labeled end of script (for branching) [RECOMMENDED, CUSTOMIZABLE] -->
    <WizardAction id="END_OF_SCRIPT" />
</WizardScript>
