<?xml version="1.0" encoding="UTF-8"?>
<!--
    Copyright (c) 2015 Google Inc.

    Licensed under the Apache License, Version 2.0 (the "License");
    you may not use this file except in compliance with the License.
    You may obtain a copy of the License at

        http://www.apache.org/licenses/LICENSE-2.0

    Unless required by applicable law or agreed to in writing, software
    distributed under the License is distributed on an "AS IS" BASIS,
    WITHOUT WARRANTIES OR CONDITIONS OF ANY KIND, either express or implied.
    See the License for the specific language governing permissions and
    limitations under the License.
-->

<!--
    The wizard:uris recorded here have the inconvenience of being generated by hand, but they allow
    for the full spread of launch flags (we need FLAG_ACTIVITY_NEW_TASK [0x10000000]), where the
    <intent> tag processed by Intent.parseIntent() does not.

    adb shell am to-intent-uri -a com.android.setupwizard.WELCOME -f 0x10000000 \-\-ez firstRun true
-->
<WizardScript xmlns:wizard="http://schemas.android.com/apk/res/com.google.android.setupwizard"
    wizard:version="2">

    <!-- Restore apps from another device [RECOMMENDED] -->
    <!-- Check to see if we already know which device is being restored onto this one -->
    <WizardAction id="restore_check"
        wizard:uri="intent:#Intent;action=com.google.android.setupwizard.CHECK_RESTORE_TOKEN;end">
        <result wizard:name="token_not_found"
            wizard:resultCode="101"
            wizard:action="restore_picker" />
        <result wizard:action="restore_start" />
    </WizardAction>

    <!-- Select a device to serve as the source for restored apps and start restoring -->
    <WizardAction id="restore_picker"
        wizard:uri="intent:#Intent;action=com.google.android.setupwizard.RESTORE;end">
        <result wizard:name="skip"
            wizard:resultCode="1"
            wizard:action="date_time_check" />
        <result wizard:name="no_content"
            wizard:resultCode="2"
            wizard:action="date_time_check" />
    </WizardAction>

    <WizardAction id="restore_start"
        wizard:uri="intent:#Intent;action=com.google.android.setupwizard.START_RESTORE;end" />


    <!-- Set date, time, and time zone from automated services (or manually, if needed) [RECOMMENDED, CUSTOMIZEABLE] -->
    <WizardAction id="date_time_check"
        wizard:uri="intent:#Intent;action=com.google.android.setupwizard.DATE_TIME_CHECK;end">
        <result wizard:name="skip"
            wizard:resultCode="1"
            wizard:action="user_name_check" />
    </WizardAction>

    <WizardAction id="date_time"
        wizard:uri="intent:#Intent;action=com.android.setupwizard.DATE_TIME;end" />


    <!-- Set user name [RECOMMENDED, CUSTOMIZABLE] -->
    <WizardAction id="user_name_check"
        wizard:uri="intent:#Intent;action=com.google.android.setupwizard.NAME_CHECK;end">
        <result wizard:name="skip"
            wizard:resultCode="1"
            wizard:action="fingerprint" />
    </WizardAction>

    <WizardAction id="user_name"
        wizard:uri="intent:#Intent;action=com.google.android.setupwizard.USER_NAME;end" />


    <!-- Set up fingerprint [RECOMMENDED, CUSTOMIZABLE] -->
    <WizardAction id="fingerprint"
        wizard:uri="intent:#Intent;action=com.google.android.setupwizard.FINGERPRINT;end" />

    <!-- Set screen lock options [RECOMMENDED, CUSTOMIZABLE] -->
    <WizardAction id="lock_screen"
        wizard:uri="intent:#Intent;action=com.google.android.setupwizard.LOCK_SCREEN;end" />


    <!-- Set up Google Assistant (OPA). This step should come right after Google Services.
        Feature enabled via Gservices flag  [RECOMMENDED] -->
    <WizardAction id="opa"
        wizard:uri="intent:#Intent;action=com.google.android.setupwizard.OPA_OPT_IN;end" />


    <!-- Show service opt-ins, as well as terms of service [REQUIRED] -->
    <WizardAction id="account_google_services"
        wizard:uri="intent:#Intent;action=com.google.android.setupwizard.GOOGLE_SERVICES;end" />


    <!-- Perform additional optional steps (while waiting for restoration to complete) [RECOMMENDED, CUSTOMIZABLE] -->
    <WizardAction id="suggested_actions"
        wizard:uri="intent:#Intent;action=com.google.android.setupwizard.SUGGESTED_ACTIONS;end" />


    <!-- Wait for data restoration to finish [RECOMMENDED] -->
    <WizardAction id="restore_progress"
        wizard:uri="intent:#Intent;action=com.google.android.setupwizard.RESTORE_PROGRESS;end">
        <result wizard:name="retry"
            wizard:resultCode="2"
            wizard:action="restore_reset" />
        <result wizard:action="final_hold" />
    </WizardAction>


    <!-- If data restoration failed and user chose to retry, pick a new source device [RECOMMENDED] -->
    <WizardAction id="restore_reset"
        wizard:uri="intent:#Intent;action=com.google.android.setupwizard.REMOVE_RESTORE_TOKEN;end" />

    <WizardAction id="restore_retry"
        wizard:uri="intent:#Intent;action=com.google.android.setupwizard.RESTORE;end">
        <result wizard:name="skip"
            wizard:resultCode="1"
            wizard:action="final_hold" />
        <result wizard:name="no_content"
            wizard:resultCode="2"
            wizard:action="final_hold" />
    </WizardAction>

    <WizardAction id="restore_retry_start"
        wizard:uri="intent:#Intent;action=com.google.android.setupwizard.START_RESTORE;end">
        <result wizard:action="restore_progress" />
    </WizardAction>


    <!-- Wait for high-priority apks to be completed [RECOMMENDED] -->
    <WizardAction id="final_hold"
        wizard:uri="intent:#Intent;action=com.google.android.setupwizard.FINAL_HOLD;end" />


    <!-- Wait for launcher layout to load [RECOMMENDED] -->
    <WizardAction id="load_launcher_layout"
        wizard:uri="intent:#Intent;action=com.google.android.setupwizard.LOAD_LAUNCHER_LAYOUT;end" />

</WizardScript>
