<?xml version="1.0" encoding="UTF-8"?>
<!--
    Copyright (c) 2016 Google Inc.

    Licensed under the Apache License, Version 2.0 (the "License");
    you may not use this file except in compliance with the License.
    You may obtain a copy of the License at

        http://www.apache.org/licenses/LICENSE-2.0

    Unless required by applicable law or agreed to in writing, software
    distributed under the License is distributed on an "AS IS" BASIS,
    WITHOUT WARRANTIES OR CONDITIONS OF ANY KIND, either express or implied.
    See the License for the specific language governing permissions and
    limitations under the License.
-->

<!--
    The wizard:uris recorded here have the inconvenience of being generated by hand, but they allow
    for the full spread of launch flags (we need FLAG_ACTIVITY_NEW_TASK [0x10000000]), where the
    <intent> tag processed by Intent.parseIntent() does not.

    adb shell am to-intent-uri -a com.android.setupwizard.WELCOME -f 0x10000000 \-\-ez firstRun true
-->
<WizardScript xmlns:wizard="http://schemas.android.com/apk/res/com.google.android.setupwizard"
    wizard:version="2">

    <!-- Set date, time, and time zone, if not already set [RECOMMENDED, CUSTOMIZEABLE] -->
    <WizardAction id="no_network_date_time_check"
        wizard:uri="intent:#Intent;action=com.google.android.setupwizard.DATE_TIME_CHECK;end">
        <result wizard:name="skip"
            wizard:resultCode="1"
            wizard:action="no_network_user_name_check" />
    </WizardAction>

    <WizardAction id="no_network_date_time"
        wizard:uri="intent:#Intent;action=com.android.setupwizard.DATE_TIME;end" />


    <!-- Set user name [RECOMMENDED, CUSTOMIZABLE] -->
    <WizardAction id="no_network_user_name_check"
        wizard:uri="intent:#Intent;action=com.google.android.setupwizard.NAME_CHECK;end">
        <result wizard:name="skip"
            wizard:resultCode="1"
            wizard:action="no_network_fingerprint" />
    </WizardAction>

    <WizardAction id="no_network_user_name"
        wizard:uri="intent:#Intent;action=com.google.android.setupwizard.USER_NAME;end" />


    <!-- Set up fingerprint [RECOMMENDED, CUSTOMIZABLE] -->
    <WizardAction id="no_network_fingerprint"
        wizard:uri="intent:#Intent;action=com.google.android.setupwizard.FINGERPRINT;end" />

    <!-- Set screen lock options [RECOMMENDED, CUSTOMIZABLE] -->
    <WizardAction id="no_network_lock_screen"
        wizard:uri="intent:#Intent;action=com.google.android.setupwizard.LOCK_SCREEN;end" />


    <!-- Show service opt-ins, as well as terms of service [REQUIRED] -->
    <WizardAction id="no_network_google_services"
        wizard:uri="intent:#Intent;action=com.google.android.setupwizard.GOOGLE_SERVICES;end" />


    <!-- Perform additional optional steps [RECOMMENDED, CUSTOMIZABLE] -->
    <WizardAction id="no_network_suggested_actions"
        wizard:uri="intent:#Intent;action=com.google.android.setupwizard.SUGGESTED_ACTIONS;end" />


    <!-- Wait for launcher layout to load [RECOMMENDED] -->
    <WizardAction id="load_launcher_layout"
        wizard:uri="intent:#Intent;action=com.google.android.setupwizard.LOAD_LAUNCHER_LAYOUT;end" />

</WizardScript>
