<?xml version="1.0" encoding="UTF-8"?>
<!--
    Copyright (c) 2017 Google Inc.

    Licensed under the Apache License, Version 2.0 (the "License");
    you may not use this file except in compliance with the License.
    You may obtain a copy of the License at

        http://www.apache.org/licenses/LICENSE-2.0

    Unless required by applicable law or agreed to in writing, software
    distributed under the License is distributed on an "AS IS" BASIS,
    WITHOUT WARRANTIES OR CONDITIONS OF ANY KIND, either express or implied.
    See the License for the specific language governing permissions and
    limitations under the License.
-->

<!--
    The wizard:uris recorded here have the inconvenience of being generated by hand, but they allow
    for the full spread of launch flags (we need FLAG_ACTIVITY_NEW_TASK [0x10000000]), where the
    <intent> tag processed by Intent.parseIntent() does not.

    adb shell am to-intent-uri -a com.android.setupwizard.WELCOME -f 0x10000000 \-\-ez firstRun true
-->

<WizardScript xmlns:wizard="http://schemas.android.com/apk/res/com.google.android.setupwizard"
    wizard:firstAction="network_settings">

    <!-- Network selection, Users must be given the opportunity to set up an internet connection,
        using the given screens or a custom flow. -->
    <WizardAction id="network_settings"
        wizard:uri="intent:#Intent;action=com.android.setupwizard.NETWORK_SETTINGS;end">
        <result wizard:name="use_mobile"
            wizard:resultCode="101"
            wizard:action="activate_mobile_data" />
        <result wizard:name="see_all_wifi"
            wizard:resultCode="102"
            wizard:action="wifi_settings" />
        <result wizard:name="skip"
            wizard:resultCode="1" />
        <result wizard:action="captive_portal" />
    </WizardAction>

    <!-- Mobile data activation -->
    <WizardAction id="activate_mobile_data"
          wizard:uri="intent:#Intent;action=com.android.setupwizard.ACTIVATE_MOBILE_DATA;end">
        <result wizard:action="captive_portal" />
    </WizardAction>

    <!-- Wi-Fi setup -->
    <WizardAction id="wifi_settings"
        wizard:uri="intent:#Intent;action=com.android.setupwizard.WIFI_SETTINGS;end">
        <result wizard:name="use_mobile"
            wizard:resultCode="101"
            wizard:action="activate_mobile_data" />
        <result wizard:name="skip"
            wizard:resultCode="1" />
        <result wizard:action="captive_portal" />
    </WizardAction>


    <!-- Resolve captive portal access, and wait for check-in [REQUIRED] -->
    <WizardAction id="captive_portal"
        wizard:uri="intent:#Intent;action=com.android.setupwizard.CAPTIVE_PORTAL;end">
        <result wizard:action="gms_checkin" />
    </WizardAction>

    <WizardAction id="gms_checkin"
        wizard:uri="intent:#Intent;action=com.google.android.setupwizard.GMS_CHECKIN;end">
        <result wizard:action="ota_update" />
    </WizardAction>


    <!-- Update system packages [REQUIRED] -->
    <WizardAction id="ota_update"
        wizard:uri="intent:#Intent;action=com.google.android.setupwizard.OTA_UPDATE;end">
        <result wizard:name="skip"
            wizard:resultCode="1"
            wizard:action="early_update" />
        <result wizard:action="system_update" />
    </WizardAction>

    <!-- System update should cause a reboot, but if it returns unexpectedly, continue on to
        early update -->
    <WizardAction id="system_update"
        wizard:uri="intent:#Intent;action=android.settings.SYSTEM_UPDATE_SETTINGS;end">
        <result wizard:action="early_update" />
    </WizardAction>


    <!-- Update other important packages [REQUIRED] -->
    <WizardAction id="early_update"
        wizard:uri="intent:#Intent;action=com.google.android.setupwizard.EARLY_UPDATE;end" />

</WizardScript>
