<?xml version="1.0" encoding="UTF-8"?>
<!--
    Copyright (C) 2015 Google Inc.

    Licensed under the Apache License, Version 2.0 (the "License");
    you may not use this file except in compliance with the License.
    You may obtain a copy of the License at

        http://www.apache.org/licenses/LICENSE-2.0

    Unless required by applicable law or agreed to in writing, software
    distributed under the License is distributed on an "AS IS" BASIS,
    WITHOUT WARRANTIES OR CONDITIONS OF ANY KIND, either express or implied.
    See the License for the specific language governing permissions and
    limitations under the License.
-->

<!--
    The wizard:uris recorded here have the inconvenience of being generated by hand, but they allow
    for the full spread of launch flags (we need FLAG_ACTIVITY_NEW_TASK [0x10000000]), where the
    <intent> tag processed by Intent.parseIntent() does not.

    adb shell am to-intent-uri -a com.android.setupwizard.WELCOME -f 0x10000000 \-\-ez firstRun true
-->
<WizardScript xmlns:wizard="http://schemas.android.com/apk/res/com.google.android.setupwizard"
    wizard:version="2">

    <!-- Add an account [REQUIRED] -->
    <WizardAction id="load_account_intent"
        wizard:uri="intent:#Intent;action=com.google.android.setupwizard.LOAD_ADD_ACCOUNT_INTENT;B.showTapAndGo=false;end" />

    <WizardAction id="account_setup"
        wizard:uri="intent:#Intent;action=com.google.android.setupwizard.ACCOUNT_SETUP;end">
        <result wizard:name="skip"
            wizard:resultCode="1"
            wizard:action="no_account_flow" />
        <!-- Alternate flow if managed provisioning already set the user up (for enterprise) [RECOMMENDED] -->
        <result wizard:name="dpm_user_complete"
            wizard:resultCode="111"
            wizard:action="END_OF_SCRIPT" />
    </WizardAction>


    <!-- Checkin with Gservices using account. If it fails, VPA will not be available. [REQUIRED] -->
    <WizardAction id="gms_account_checkin"
        wizard:uri="intent:#Intent;action=com.google.android.setupwizard.GMS_ACCOUNT_CHECKIN;end" />


    <!-- eSIM setup flow [RECOMMENDED] -->
    <WizardAction id="esim_setup"
        wizard:uri="intent:#Intent;action=com.android.setupwizard.ESIM_SETUP;end" />


    <!-- Branch to script for setting up with or without an account [REQUIRED] -->
    <WizardAction id="mfm_check"
        wizard:uri="intent:#Intent;action=com.google.android.setupwizard.ACCOUNT_CHECK;end">
        <result wizard:name="skip"
            wizard:resultCode="1"
            wizard:action="no_account_flow" />
    </WizardAction>


    <!-- Set up with an account [REQUIRED] -->
    <WizardAction id="account_flow"
        wizard:script="android.resource://com.google.android.gmsintegration/raw/wizard_script_account_flow">
        <result wizard:action="END_OF_SCRIPT" />
    </WizardAction>


    <!-- Set up without an account [REQUIRED] -->
    <WizardAction id="no_account_flow"
        wizard:script="android.resource://com.google.android.gmsintegration/raw/wizard_script_no_account_flow">
        <result wizard:action="END_OF_SCRIPT" />
    </WizardAction>


    <!-- Labeled end of script (for branching) [RECOMMENDED, CUSTOMIZABLE] -->
    <WizardAction id="END_OF_SCRIPT" />
</WizardScript>
