<?xml version="1.0" encoding="UTF-8"?>
<!--
    Copyright (c) 2017 Google Inc.

    Licensed under the Apache License, Version 2.0 (the "License");
    you may not use this file except in compliance with the License.
    You may obtain a copy of the License at

        http://www.apache.org/licenses/LICENSE-2.0

    Unless required by applicable law or agreed to in writing, software
    distributed under the License is distributed on an "AS IS" BASIS,
    WITHOUT WARRANTIES OR CONDITIONS OF ANY KIND, either express or implied.
    See the License for the specific language governing permissions and
    limitations under the License.
-->

<!--
    Legend:
        REQUIRED     Must be included in final scripting solution
        RECOMMENDED  Associated with an optional feature; may have
                     dependencies on other recommended actions
        CUSTOMIZABLE Available for modification, within UX standards

    Each top-level comment tag applies to one or more script instructions, until the next top-level
    comment tag. A comment tag on a result code applies only to that result code.

    The wizard:uris recorded here have the inconvenience of being generated by hand, but they allow
    for the full spread of launch flags (we need FLAG_ACTIVITY_NEW_TASK [0x10000000]), where the
    <intent> tag processed by Intent.parseIntent() does not.

    adb shell am to-intent-uri -a com.android.setupwizard.WELCOME -f 0x10000000 \-\-ez firstRun true
-->
<WizardScript xmlns:wizard="http://schemas.android.com/apk/res/com.google.android.setupwizard"
    wizard:version="2">

    <!-- Welcome screen for deferred setup [RECOMMENDED, CUSTOMIZABLE] -->
    <WizardAction id="welcome"
        wizard:uri="intent:#Intent;action=com.android.setupwizard.DEFERRED_WELCOME;end" />


    <!-- Wait for Play Store updates that are already in flight to complete [RECOMMENDED] -->
    <WizardAction id="complete_in_flight_updates"
        wizard:uri="intent:#Intent;action=com.google.android.setupwizard.COMPLETE_IN_FLIGHT_UPDATES;end" />


    <!-- Users must be given the opportunity to set up an internet connection, using the given
         screens or a custom flow. -->
    <!-- Network selection [REQUIRED, CUSTOMIZABLE] -->
    <WizardAction id="network_settings"
        wizard:uri="intent:#Intent;action=com.android.setupwizard.NETWORK_SETTINGS;end">
        <result wizard:name="use_mobile"
            wizard:resultCode="101"
            wizard:action="activate_mobile_data" />
        <result wizard:name="see_all_wifi"
            wizard:resultCode="102"
            wizard:action="wifi_settings" />
        <result wizard:name="skip"
            wizard:resultCode="1"
            wizard:action="no_network_flow" />
        <result wizard:action="captive_portal" />
    </WizardAction>

    <!-- Mobile data activation -->
    <WizardAction id="activate_mobile_data"
        wizard:uri="intent:#Intent;action=com.android.setupwizard.ACTIVATE_MOBILE_DATA;end">
        <result wizard:action="captive_portal" />
    </WizardAction>

    <!-- Wi-Fi setup -->
    <WizardAction id="wifi_settings"
        wizard:uri="intent:#Intent;action=com.android.setupwizard.WIFI_SETTINGS;end">
        <result wizard:name="use_mobile"
            wizard:resultCode="101"
            wizard:action="activate_mobile_data" />
        <result wizard:name="skip"
            wizard:resultCode="1"
            wizard:action="no_network_flow" />
    </WizardAction>


    <!-- Resolve captive portal access, and wait for check-in [REQUIRED] -->
    <WizardAction id="captive_portal"
        wizard:uri="intent:#Intent;action=com.android.setupwizard.CAPTIVE_PORTAL;end" />

    <WizardAction id="gms_checkin"
        wizard:uri="intent:#Intent;action=com.google.android.setupwizard.GMS_CHECKIN;end" />


    <!-- Update other important packages [REQUIRED] -->
    <WizardAction id="early_update"
        wizard:uri="intent:#Intent;action=com.google.android.setupwizard.EARLY_UPDATE;end" />


    <!-- Ask user if they want to migrate using usb. If the transferring process has already begun
          we will auto advance to usb_migration_after_add_account. Requires activation via Gservices
          flag [RECOMMENDED] -->
    <WizardAction id="usb_migration"
        wizard:uri="intent:#Intent;action=com.google.android.setupwizard.USB_MIGRATION;end">
        <!-- "Skip" is returned when restore cannot happen, so skip over other restore options
             as well -->
        <result wizard:name="skip"
            wizard:resultCode="1"
            wizard:action="new_device_deferred_flow" />
        <result wizard:name="result_usb_migration_with_account"
            wizard:resultCode="101"
            wizard:action="usb_migration_after_add_account" />
        <result
            wizard:resultCode="103"
            wizard:action="add_account_during_usb_transfer" />
        <result
            wizard:resultCode="104"
            wizard:action="new_device_deferred_flow" />
        <result wizard:action="restore_choice" />
    </WizardAction>

    <WizardAction id="add_account_during_usb_transfer"
        wizard:uri="intent:#Intent;action=com.google.android.setupwizard.LOAD_ADD_ACCOUNT_INTENT;B.showTapAndGo=false;end" />

    <!-- Add an account -->
    <WizardAction id="account_setup_during_usb_transfer"
        wizard:uri="intent:#Intent;action=com.google.android.setupwizard.ACCOUNT_SETUP;end" />

    <!-- Relaunch into usb migration flow -->
    <WizardAction id="usb_migration_after_add_account"
        wizard:uri="intent:#Intent;action=com.google.android.setupwizard.USB_MIGRATION_AFTER_ACCOUNT;end">
        <result wizard:action="restore_with_usb_flow" />
    </WizardAction>


    <!-- Choose device restoration flow [RECOMMENDED, CUSTOMIZABLE] -->
    <WizardAction id="restore_choice"
        wizard:uri="intent:#Intent;action=com.android.setupwizard.RESTORE_CHOICE;end">
        <result wizard:name="d2d"
            wizard:resultCode="101"
            wizard:action="restore_with_device_flow" />
        <result wizard:name="ios_restore"
            wizard:resultCode="102"
            wizard:action="restore_with_ios_flow" />
        <result wizard:name="dont_copy"
            wizard:resultCode="103"
            wizard:action="new_device_deferred_flow" />
        <result wizard:action="restore_with_account_flow" />
    </WizardAction>


    <!-- Set up without restoring from old device [RECOMMENDED] -->
    <WizardAction id="new_device_deferred_flow"
        wizard:script="android.resource://com.google.android.gmsintegration/raw/wizard_script_deferred_new_device_flow">
        <result wizard:action="kid_post_setup" />
    </WizardAction>


    <!-- Set up using USB transfer [RECOMMENDED] -->
    <WizardAction id="restore_with_usb_flow"
        wizard:script="android.resource://com.google.android.gmsintegration/raw/wizard_script_deferred_restore_with_usb_flow">
        <result wizard:action="kid_post_setup" />
    </WizardAction>


    <!-- Restore user data and apps from servers [REQUIRED] -->
    <WizardAction id="restore_with_account_flow"
        wizard:script="android.resource://com.google.android.gmsintegration/raw/wizard_script_deferred_restore_with_account_flow">
        <result wizard:action="kid_post_setup" />
    </WizardAction>


    <!-- Restore user data and apps from another Android [RECOMMENDED] -->
    <WizardAction id="restore_with_device_flow"
        wizard:script="android.resource://com.google.android.gmsintegration/raw/wizard_script_deferred_restore_with_device_flow">
        <result wizard:action="kid_post_setup" />
    </WizardAction>


    <!-- Restore user data and apps from an iOS device [RECOMMENDED] -->
    <WizardAction id="restore_with_ios_flow"
        wizard:script="android.resource://com.google.android.gmsintegration/raw/wizard_script_deferred_restore_with_ios_flow">
        <result wizard:action="kid_post_setup" />
    </WizardAction>


    <!-- Set up without a network connection [RECOMMENDED] -->
    <WizardAction id="no_network_flow"
        wizard:script="android.resource://com.google.android.gmsintegration/raw/wizard_script_deferred_no_network_flow">
        <result wizard:action="kid_post_setup" />
    </WizardAction>


    <!-- Google kid account setup. [REQUIRED] -->
    <WizardAction id="kid_post_setup"
        wizard:uri="intent:#Intent;action=com.google.android.setupwizard.KID_POST_SETUP;end" />


    <!-- Leave Setup Wizard [REQUIRED] -->
    <WizardAction id="exit"
        wizard:uri="intent:#Intent;action=com.android.setupwizard.EXIT;end" />

</WizardScript>
